Nx,Ny,tau,D,Pe,iterations,time,L2
100,100,0.8,0.1,1.4142135623730951,49999,36.368694706001406,0.009716688312053032
