Nx,Ny,tau,D,Pe,iterations,time,L2
80,80,0.85,0.11666666666666665,0.6060915267313266,39910,23.90055657999983,0.009174806685714847
