Nx,Ny,tau,D,Pe,iterations,time,L2
100,100,0.8,0.1,1.4142135623730951,1490,0.672779876000277,0.005936794018303296
