Nx,Ny,D,ux,uy,R,Pe,time,L2
100,100,0.01,0.1,0.1,-1.0,14.142135623730953,0.025990228001319338,0.5188688609290883
