Nx,Ny,tau,D,Pe,iterations,time,L2
100,100,0.8,0.1,1.4142135623730951,49999,20.76885445899825,1.118320385166749
