Nx,Ny,tau,D,Pe,iterations,time,L2
100,100,0.8,0.1,1.4142135623730951,49999,22.761166524000146,9675.04772567891
