Nx,Ny,tau,D,Pe,iterations,time,L2
100,100,0.8,0.1,1.0,39999,16.17321214999538,1.0140847519182408
