Nx,Ny,tau,D,Pe,iterations,time,L2
100,100,0.8,0.1,0.0,28224,19.38354717999755,0.9466152741531859
