Nx,Ny,tau,D,Pe,iterations,time,L2
100,100,0.8,0.1,1.4142135623730951,49999,38.45241492599962,0.009716688312053032
