Nx,Ny,tau,D,Pe,iterations,time,L2
100,100,0.8,0.1,0.0,19581,16.893602963002195,9712.130554600095
