Nx,Ny,tau,D,Pe,iterations,time,L2
100,100,0.8,0.1,0.0,19581,13.243689923998318,1.1277272530278533
