Nx,Ny,tau,D,Pe,iterations,time,L2
80,80,0.7,0.06666666666666665,3.1819805153394647,613,0.282568820999586,0.010353227708813598
